[
  {
    "block": "computercraft:computer_advanced",
    "mass": 15395.0
  },
  {
    "block": "computercraft:turtle_advanced",
    "mass": 15795.0
  },
  {
    "block": "computercraft:monitor_advanced",
    "mass": 15245.0
  },
  {
    "block": "computercraft:wireless_modem_advanced",
    "mass": 15250.0
  },
  {
    "block": "computercraft:computer_normal",
    "mass": 3150
  },
  {
    "block": "computercraft:turtle_normal",
    "mass": 3600.0
  },
  {
    "block": "computercraft:monitor_normal",
    "mass": 3200.0
  },
  {
    "block": "computercraft:wired_modem_full",
    "mass": 3300.0
  },
  {
    "block": "computercraft:cable",
    "mass": 160.0
  },
  {
    "block": "computercraft:printer",
    "mass": 3150.0
  },
  {
    "block": "computercraft:speaker",
    "mass": 4350.0
  },
  {
    "block": "computercraft:disk_drive",
    "mass": 3300.0
  }
]
