[
  {
    "block": "minecraft:redstone_wire",
    "mass": 5.0
  },
  {
    "block": "minecraft:dispenser",
    "mass": 2800.0,
    "friction": 0.5
  },
  {
    "block": "minecraft:dropper",
    "mass": 2800.0,
    "friction": 0.5
  },
  {
    "block": "minecraft:note_block",
    "mass": 1200.0,
    "friction": 0.6
  },
  {
    "block": "minecraft:detector_rail",
    "mass": 380.0,
    "friction": 0.7
  },
  {
    "block": "minecraft:powered_rail",
    "mass": 800.0,
    "friction": 0.7
  },
  {
    "block": "minecraft:rail",
    "mass": 330.0,
    "friction": 0.7
  },
  {
    "block": "minecraft:activator_rail",
    "mass": 330.0,
    "friction": 0.7
  },
  {
    "block": "minecraft:piston",
    "mass": 2800.0,
    "friction": 0.5
  },
  {
    "block": "minecraft:sticky_piston",
    "mass": 2800.0,
    "friction": 0.5
  },
  {
    "block": "minecraft:piston_head",
    "mass": 0.1,
    "friction": 0.5
  },
  {
    "block": "minecraft:moving_piston",
    "mass": 0.1,
    "friction": 0.5
  },
  {
    "block": "minecraft:tnt",
    "mass": 1200.0
  },
  {
    "block": "minecraft:lever",
    "mass": 10.0
  },
  {
    "tag": "minecraft:wooden_pressure_plates",
    "mass": 10.0
  },
  {
    "block": "minecraft:stone_pressure_plate",
    "mass": 130.0
  },
  {
    "block": "minecraft:polished_blackstone_pressure_plate",
    "mass": 170.0
  },
  {
    "block": "minecraft:light_weighted_pressure_plate",
    "mass": 800.0
  },
  {
    "block": "minecraft:heavy_weighted_pressure_plate",
    "mass": 350.0
  },
  {
    "block": "minecraft:redstone_torch",
    "mass": 5.0
  },
  {
    "tag": "minecraft:wooden_buttons",
    "mass": 2.0
  },
  {
    "block": "minecraft:stone_button",
    "mass": 26.0
  },
  {
    "block": "minecraft:polished_blackstone_button",
    "mass": 34.0
  },
  {
    "block": "minecraft:tripwire_hook",
    "mass": 80.0
  },
  {
    "block": "minecraft:tripwire",
    "mass": 0.1
  },
  {
    "block": "minecraft:daylight_detector",
    "mass": 1200.0,
    "friction": 0.2
  },
  {
    "block": "minecraft:redstone_block",
    "mass": 1350.0,
    "friction": 0.4
  },
  {
    "block": "minecraft:observer",
    "mass": 2800.0,
    "friction": 0.5
  },
  {
    "block": "minecraft:target",
    "mass": 200.0,
    "elasticity": 0.3
  },
  {
    "block": "minecraft:lectern",
    "mass": 150.0
  },
  {
    "block": "minecraft:trapped_chest",
    "mass": 480.0
  },
  {
    "block": "minecraft:redstone_lamp",
    "mass": 1200.0,
    "friction": 0.2
  },
  {
    "block": "minecraft:comparator",
    "mass": 250.0,
    "friction": 0.3
  },
  {
    "block": "minecraft:repeater",
    "mass": 250.0,
    "friction": 0.3
  },
  {
    "block": "minecraft:hopper",
    "mass": 3800.0,
    "friction": 0.3
  },
  {
    "tag": "minecraft:shulker_boxes",
    "mass": 800.0,
    "friction": 0.1
  },
  {
    "tag": "minecraft:fence_gates",
    "mass": 20.0
  },
  {
    "tag": "minecraft:wooden_doors",
    "mass": 25.0
  },
  {
    "block": "minecraft:iron_door",
    "mass": 1000.0,
    "friction": 0.35
  },
  {
    "tag": "minecraft:wooden_trapdoors",
    "mass": 25.0
  },
  {
    "block": "minecraft:iron_trapdoor",
    "mass": 1000.0,
    "friction": 0.35
  }
]
